dataset,run,entropy_score,value,condition
"(3,4)",0,NMI,0.9664274192650805,fine
"(3,8)",0,NMI,0.914627458227745,fine
"(3,16)",0,NMI,0.8423638955496107,fine
"(4,4)",0,NMI,0.9046621135735317,fine
"(4,8)",0,NMI,0.9052714159416204,fine
"(5,4)",0,NMI,0.958507840177515,fine
"(3,4)",1,NMI,0.9646541833330734,fine
"(3,8)",1,NMI,0.9242716267580521,fine
"(3,16)",1,NMI,0.8132305412730558,fine
"(4,4)",1,NMI,0.9405981016040941,fine
"(4,8)",1,NMI,0.8849680537440073,fine
"(5,4)",1,NMI,0.9765834271282843,fine
"(3,4)",2,NMI,0.9559261022283795,fine
"(3,8)",2,NMI,0.9008227946033127,fine
"(3,16)",2,NMI,0.8153526308266397,fine
"(4,4)",2,NMI,0.91456004435534,fine
"(4,8)",2,NMI,0.939318152610373,fine
"(5,4)",2,NMI,0.956863198986062,fine
"(3,4)",3,NMI,0.957538655390497,fine
"(3,8)",3,NMI,0.9095686443677611,fine
"(3,16)",3,NMI,0.8284094119874877,fine
"(4,4)",3,NMI,0.9469341061180055,fine
"(4,8)",3,NMI,0.8650553486672654,fine
"(5,4)",3,NMI,0.9094063686716631,fine
"(3,4)",4,NMI,0.9675875343934717,fine
"(3,8)",4,NMI,0.9261807249093302,fine
"(3,16)",4,NMI,0.8778028508008484,fine
"(4,4)",4,NMI,0.9417046136080761,fine
"(4,8)",4,NMI,0.8946640365768441,fine
"(5,4)",4,NMI,0.9402850631498787,fine
"(3,4)",0,NMI,,fine
"(3,8)",0,NMI,,fine
"(3,16)",0,NMI,,fine
"(4,4)",0,NMI,,fine
"(4,8)",0,NMI,,fine
"(5,4)",0,NMI,,fine
"(3,4)",1,NMI,,fine
"(3,8)",1,NMI,,fine
"(3,16)",1,NMI,,fine
"(4,4)",1,NMI,,fine
"(4,8)",1,NMI,,fine
"(5,4)",1,NMI,,fine
"(3,4)",2,NMI,,fine
"(3,8)",2,NMI,,fine
"(3,16)",2,NMI,,fine
"(4,4)",2,NMI,,fine
"(4,8)",2,NMI,,fine
"(5,4)",2,NMI,,fine
"(3,4)",3,NMI,,fine
"(3,8)",3,NMI,,fine
"(3,16)",3,NMI,,fine
"(4,4)",3,NMI,,fine
"(4,8)",3,NMI,,fine
"(5,4)",3,NMI,,fine
"(3,4)",4,NMI,,fine
"(3,8)",4,NMI,,fine
"(3,16)",4,NMI,,fine
"(4,4)",4,NMI,,fine
"(4,8)",4,NMI,,fine
"(5,4)",4,NMI,,fine
"(3,4)",0,NMI,,fine
"(3,8)",0,NMI,,fine
"(3,16)",0,NMI,,fine
"(4,4)",0,NMI,,fine
"(4,8)",0,NMI,,fine
"(5,4)",0,NMI,,fine
"(3,4)",1,NMI,,fine
"(3,8)",1,NMI,,fine
"(3,16)",1,NMI,,fine
"(4,4)",1,NMI,,fine
"(4,8)",1,NMI,,fine
"(5,4)",1,NMI,,fine
"(3,4)",2,NMI,,fine
"(3,8)",2,NMI,,fine
"(3,16)",2,NMI,,fine
"(4,4)",2,NMI,,fine
"(4,8)",2,NMI,,fine
"(5,4)",2,NMI,,fine
"(3,4)",3,NMI,,fine
"(3,8)",3,NMI,,fine
"(3,16)",3,NMI,,fine
"(4,4)",3,NMI,,fine
"(4,8)",3,NMI,,fine
"(5,4)",3,NMI,,fine
"(3,4)",4,NMI,,fine
"(3,8)",4,NMI,,fine
"(3,16)",4,NMI,,fine
"(4,4)",4,NMI,,fine
"(4,8)",4,NMI,,fine
"(5,4)",4,NMI,,fine
"(3,4)",0,effectiveness,,fine
"(3,8)",0,effectiveness,,fine
"(3,16)",0,effectiveness,,fine
"(4,4)",0,effectiveness,,fine
"(4,8)",0,effectiveness,,fine
"(5,4)",0,effectiveness,,fine
"(3,4)",1,effectiveness,,fine
"(3,8)",1,effectiveness,,fine
"(3,16)",1,effectiveness,,fine
"(4,4)",1,effectiveness,,fine
"(4,8)",1,effectiveness,,fine
"(5,4)",1,effectiveness,,fine
"(3,4)",2,effectiveness,,fine
"(3,8)",2,effectiveness,,fine
"(3,16)",2,effectiveness,,fine
"(4,4)",2,effectiveness,,fine
"(4,8)",2,effectiveness,,fine
"(5,4)",2,effectiveness,,fine
"(3,4)",3,effectiveness,,fine
"(3,8)",3,effectiveness,,fine
"(3,16)",3,effectiveness,,fine
"(4,4)",3,effectiveness,,fine
"(4,8)",3,effectiveness,,fine
"(5,4)",3,effectiveness,,fine
"(3,4)",4,effectiveness,,fine
"(3,8)",4,effectiveness,,fine
"(3,16)",4,effectiveness,,fine
"(4,4)",4,effectiveness,,fine
"(4,8)",4,effectiveness,,fine
"(5,4)",4,effectiveness,,fine
"(3,4)",0,effectiveness,0.9775766573652617,fine
"(3,8)",0,effectiveness,0.8703275576306907,fine
"(3,16)",0,effectiveness,0.7491017693014228,fine
"(4,4)",0,effectiveness,0.9328719966575293,fine
"(4,8)",0,effectiveness,0.8875155521203542,fine
"(5,4)",0,effectiveness,0.974433399055856,fine
"(3,4)",1,effectiveness,0.9628325572172134,fine
"(3,8)",1,effectiveness,0.9207879192364312,fine
"(3,16)",1,effectiveness,0.6978316323879582,fine
"(4,4)",1,effectiveness,0.9672081733252359,fine
"(4,8)",1,effectiveness,0.8639559589289727,fine
"(5,4)",1,effectiveness,0.9963091763925104,fine
"(3,4)",2,effectiveness,0.9814138467019365,fine
"(3,8)",2,effectiveness,0.8479097854014199,fine
"(3,16)",2,effectiveness,0.7074572635779433,fine
"(4,4)",2,effectiveness,0.9495824518650595,fine
"(4,8)",2,effectiveness,0.9153270099647834,fine
"(5,4)",2,effectiveness,0.9788435150553939,fine
"(3,4)",3,effectiveness,0.9711005357790449,fine
"(3,8)",3,effectiveness,0.8737908138911568,fine
"(3,16)",3,effectiveness,0.7344912223006403,fine
"(4,4)",3,effectiveness,0.9411971906861054,fine
"(4,8)",3,effectiveness,0.8170078083617925,fine
"(5,4)",3,effectiveness,0.9334131980275882,fine
"(3,4)",4,effectiveness,0.9907840547973096,fine
"(3,8)",4,effectiveness,0.9171722086567277,fine
"(3,16)",4,effectiveness,0.8110457868878337,fine
"(4,4)",4,effectiveness,0.9893002664988241,fine
"(4,8)",4,effectiveness,0.8298214511034675,fine
"(5,4)",4,effectiveness,0.9778236975524669,fine
"(3,4)",0,effectiveness,,fine
"(3,8)",0,effectiveness,,fine
"(3,16)",0,effectiveness,,fine
"(4,4)",0,effectiveness,,fine
"(4,8)",0,effectiveness,,fine
"(5,4)",0,effectiveness,,fine
"(3,4)",1,effectiveness,,fine
"(3,8)",1,effectiveness,,fine
"(3,16)",1,effectiveness,,fine
"(4,4)",1,effectiveness,,fine
"(4,8)",1,effectiveness,,fine
"(5,4)",1,effectiveness,,fine
"(3,4)",2,effectiveness,,fine
"(3,8)",2,effectiveness,,fine
"(3,16)",2,effectiveness,,fine
"(4,4)",2,effectiveness,,fine
"(4,8)",2,effectiveness,,fine
"(5,4)",2,effectiveness,,fine
"(3,4)",3,effectiveness,,fine
"(3,8)",3,effectiveness,,fine
"(3,16)",3,effectiveness,,fine
"(4,4)",3,effectiveness,,fine
"(4,8)",3,effectiveness,,fine
"(5,4)",3,effectiveness,,fine
"(3,4)",4,effectiveness,,fine
"(3,8)",4,effectiveness,,fine
"(3,16)",4,effectiveness,,fine
"(4,4)",4,effectiveness,,fine
"(4,8)",4,effectiveness,,fine
"(5,4)",4,effectiveness,,fine
"(3,4)",0,consistency,,fine
"(3,8)",0,consistency,,fine
"(3,16)",0,consistency,,fine
"(4,4)",0,consistency,,fine
"(4,8)",0,consistency,,fine
"(5,4)",0,consistency,,fine
"(3,4)",1,consistency,,fine
"(3,8)",1,consistency,,fine
"(3,16)",1,consistency,,fine
"(4,4)",1,consistency,,fine
"(4,8)",1,consistency,,fine
"(5,4)",1,consistency,,fine
"(3,4)",2,consistency,,fine
"(3,8)",2,consistency,,fine
"(3,16)",2,consistency,,fine
"(4,4)",2,consistency,,fine
"(4,8)",2,consistency,,fine
"(5,4)",2,consistency,,fine
"(3,4)",3,consistency,,fine
"(3,8)",3,consistency,,fine
"(3,16)",3,consistency,,fine
"(4,4)",3,consistency,,fine
"(4,8)",3,consistency,,fine
"(5,4)",3,consistency,,fine
"(3,4)",4,consistency,,fine
"(3,8)",4,consistency,,fine
"(3,16)",4,consistency,,fine
"(4,4)",4,consistency,,fine
"(4,8)",4,consistency,,fine
"(5,4)",4,consistency,,fine
"(3,4)",0,consistency,,fine
"(3,8)",0,consistency,,fine
"(3,16)",0,consistency,,fine
"(4,4)",0,consistency,,fine
"(4,8)",0,consistency,,fine
"(5,4)",0,consistency,,fine
"(3,4)",1,consistency,,fine
"(3,8)",1,consistency,,fine
"(3,16)",1,consistency,,fine
"(4,4)",1,consistency,,fine
"(4,8)",1,consistency,,fine
"(5,4)",1,consistency,,fine
"(3,4)",2,consistency,,fine
"(3,8)",2,consistency,,fine
"(3,16)",2,consistency,,fine
"(4,4)",2,consistency,,fine
"(4,8)",2,consistency,,fine
"(5,4)",2,consistency,,fine
"(3,4)",3,consistency,,fine
"(3,8)",3,consistency,,fine
"(3,16)",3,consistency,,fine
"(4,4)",3,consistency,,fine
"(4,8)",3,consistency,,fine
"(5,4)",3,consistency,,fine
"(3,4)",4,consistency,,fine
"(3,8)",4,consistency,,fine
"(3,16)",4,consistency,,fine
"(4,4)",4,consistency,,fine
"(4,8)",4,consistency,,fine
"(5,4)",4,consistency,,fine
"(3,4)",0,consistency,0.9555296270120943,fine
"(3,8)",0,consistency,0.9636789701690404,fine
"(3,16)",0,consistency,0.9621502622412109,fine
"(4,4)",0,consistency,0.8781082756619322,fine
"(4,8)",0,consistency,0.9237522402416964,fine
"(5,4)",0,consistency,0.9430944661460027,fine
"(3,4)",1,consistency,0.966482715346876,fine
"(3,8)",1,consistency,0.9277817948975166,fine
"(3,16)",1,consistency,0.9743580214917851,fine
"(4,4)",1,consistency,0.9154130307229625,fine
"(4,8)",1,consistency,0.907027687184832,fine
"(5,4)",1,consistency,0.9576236066214451,fine
"(3,4)",2,consistency,0.9317287025592058,fine
"(3,8)",2,consistency,0.9607793205253211,fine
"(3,16)",2,consistency,0.9620810538282258,fine
"(4,4)",2,consistency,0.8820291318166198,fine
"(4,8)",2,consistency,0.9646007835636687,fine
"(5,4)",2,consistency,0.9358483561188713,fine
"(3,4)",3,consistency,0.9443503540005039,fine
"(3,8)",3,consistency,0.9484014469723554,fine
"(3,16)",3,consistency,0.9498674009008584,fine
"(4,4)",3,consistency,0.9527413873356977,fine
"(4,8)",3,consistency,0.9191072723597793,fine
"(5,4)",3,consistency,0.8866034578452041,fine
"(3,4)",4,consistency,0.9454523332535436,fine
"(3,8)",4,consistency,0.9353679608481572,fine
"(3,16)",4,consistency,0.956535121229083,fine
"(4,4)",4,consistency,0.8984784372129634,fine
"(4,8)",4,consistency,0.9704992417937977,fine
"(5,4)",4,consistency,0.9055220863198888,fine
"(3,4)",0,NMI,0.88920205782985,mixed
"(3,8)",0,NMI,0.9273357881342629,mixed
"(3,16)",0,NMI,0.8080048415034008,mixed
"(4,4)",0,NMI,0.8937799198017375,mixed
"(4,8)",0,NMI,0.8708059659348439,mixed
"(5,4)",0,NMI,0.8746469490105501,mixed
"(3,4)",1,NMI,0.9175155238994426,mixed
"(3,8)",1,NMI,0.9439024389333022,mixed
"(3,16)",1,NMI,0.763006031215947,mixed
"(4,4)",1,NMI,0.9269957791067974,mixed
"(4,8)",1,NMI,0.8619244049280378,mixed
"(5,4)",1,NMI,0.8259944717350219,mixed
"(3,4)",2,NMI,0.9086778758472107,mixed
"(3,8)",2,NMI,0.8799239245336711,mixed
"(3,16)",2,NMI,0.8036826445472554,mixed
"(4,4)",2,NMI,0.8932178250628395,mixed
"(4,8)",2,NMI,0.8318363475804195,mixed
"(5,4)",2,NMI,0.8760422187630692,mixed
"(3,4)",3,NMI,0.8781563895527686,mixed
"(3,8)",3,NMI,0.8647184504847876,mixed
"(3,16)",3,NMI,0.7880015815066027,mixed
"(4,4)",3,NMI,0.9203488707354358,mixed
"(4,8)",3,NMI,0.8594344962990433,mixed
"(5,4)",3,NMI,0.8555628232328177,mixed
"(3,4)",4,NMI,0.9020671175260475,mixed
"(3,8)",4,NMI,0.9028873814226794,mixed
"(3,16)",4,NMI,0.7852618766131644,mixed
"(4,4)",4,NMI,0.918003081576161,mixed
"(4,8)",4,NMI,0.8762037052616017,mixed
"(5,4)",4,NMI,0.8463552322131235,mixed
"(3,4)",0,NMI,,mixed
"(3,8)",0,NMI,,mixed
"(3,16)",0,NMI,,mixed
"(4,4)",0,NMI,,mixed
"(4,8)",0,NMI,,mixed
"(5,4)",0,NMI,,mixed
"(3,4)",1,NMI,,mixed
"(3,8)",1,NMI,,mixed
"(3,16)",1,NMI,,mixed
"(4,4)",1,NMI,,mixed
"(4,8)",1,NMI,,mixed
"(5,4)",1,NMI,,mixed
"(3,4)",2,NMI,,mixed
"(3,8)",2,NMI,,mixed
"(3,16)",2,NMI,,mixed
"(4,4)",2,NMI,,mixed
"(4,8)",2,NMI,,mixed
"(5,4)",2,NMI,,mixed
"(3,4)",3,NMI,,mixed
"(3,8)",3,NMI,,mixed
"(3,16)",3,NMI,,mixed
"(4,4)",3,NMI,,mixed
"(4,8)",3,NMI,,mixed
"(5,4)",3,NMI,,mixed
"(3,4)",4,NMI,,mixed
"(3,8)",4,NMI,,mixed
"(3,16)",4,NMI,,mixed
"(4,4)",4,NMI,,mixed
"(4,8)",4,NMI,,mixed
"(5,4)",4,NMI,,mixed
"(3,4)",0,NMI,,mixed
"(3,8)",0,NMI,,mixed
"(3,16)",0,NMI,,mixed
"(4,4)",0,NMI,,mixed
"(4,8)",0,NMI,,mixed
"(5,4)",0,NMI,,mixed
"(3,4)",1,NMI,,mixed
"(3,8)",1,NMI,,mixed
"(3,16)",1,NMI,,mixed
"(4,4)",1,NMI,,mixed
"(4,8)",1,NMI,,mixed
"(5,4)",1,NMI,,mixed
"(3,4)",2,NMI,,mixed
"(3,8)",2,NMI,,mixed
"(3,16)",2,NMI,,mixed
"(4,4)",2,NMI,,mixed
"(4,8)",2,NMI,,mixed
"(5,4)",2,NMI,,mixed
"(3,4)",3,NMI,,mixed
"(3,8)",3,NMI,,mixed
"(3,16)",3,NMI,,mixed
"(4,4)",3,NMI,,mixed
"(4,8)",3,NMI,,mixed
"(5,4)",3,NMI,,mixed
"(3,4)",4,NMI,,mixed
"(3,8)",4,NMI,,mixed
"(3,16)",4,NMI,,mixed
"(4,4)",4,NMI,,mixed
"(4,8)",4,NMI,,mixed
"(5,4)",4,NMI,,mixed
"(3,4)",0,effectiveness,,mixed
"(3,8)",0,effectiveness,,mixed
"(3,16)",0,effectiveness,,mixed
"(4,4)",0,effectiveness,,mixed
"(4,8)",0,effectiveness,,mixed
"(5,4)",0,effectiveness,,mixed
"(3,4)",1,effectiveness,,mixed
"(3,8)",1,effectiveness,,mixed
"(3,16)",1,effectiveness,,mixed
"(4,4)",1,effectiveness,,mixed
"(4,8)",1,effectiveness,,mixed
"(5,4)",1,effectiveness,,mixed
"(3,4)",2,effectiveness,,mixed
"(3,8)",2,effectiveness,,mixed
"(3,16)",2,effectiveness,,mixed
"(4,4)",2,effectiveness,,mixed
"(4,8)",2,effectiveness,,mixed
"(5,4)",2,effectiveness,,mixed
"(3,4)",3,effectiveness,,mixed
"(3,8)",3,effectiveness,,mixed
"(3,16)",3,effectiveness,,mixed
"(4,4)",3,effectiveness,,mixed
"(4,8)",3,effectiveness,,mixed
"(5,4)",3,effectiveness,,mixed
"(3,4)",4,effectiveness,,mixed
"(3,8)",4,effectiveness,,mixed
"(3,16)",4,effectiveness,,mixed
"(4,4)",4,effectiveness,,mixed
"(4,8)",4,effectiveness,,mixed
"(5,4)",4,effectiveness,,mixed
"(3,4)",0,effectiveness,0.9091803044415323,mixed
"(3,8)",0,effectiveness,0.9186210839941208,mixed
"(3,16)",0,effectiveness,0.7631095431905763,mixed
"(4,4)",0,effectiveness,0.9294988780194,mixed
"(4,8)",0,effectiveness,0.8867947380147713,mixed
"(5,4)",0,effectiveness,0.8911009132540808,mixed
"(3,4)",1,effectiveness,0.9448715681680683,mixed
"(3,8)",1,effectiveness,0.9508174827901331,mixed
"(3,16)",1,effectiveness,0.6913142368148448,mixed
"(4,4)",1,effectiveness,0.9739771023964503,mixed
"(4,8)",1,effectiveness,0.8430225159637097,mixed
"(5,4)",1,effectiveness,0.8607743004239825,mixed
"(3,4)",2,effectiveness,0.9432327698873049,mixed
"(3,8)",2,effectiveness,0.8934056185980441,mixed
"(3,16)",2,effectiveness,0.7571445646638189,mixed
"(4,4)",2,effectiveness,0.9495873835551178,mixed
"(4,8)",2,effectiveness,0.8312059549627144,mixed
"(5,4)",2,effectiveness,0.8919380868885779,mixed
"(3,4)",3,effectiveness,0.898127984170966,mixed
"(3,8)",3,effectiveness,0.8421459456124061,mixed
"(3,16)",3,effectiveness,0.7161017164462644,mixed
"(4,4)",3,effectiveness,0.9649529434039071,mixed
"(4,8)",3,effectiveness,0.8584737483429042,mixed
"(5,4)",3,effectiveness,0.8964499194096721,mixed
"(3,4)",4,effectiveness,0.9151514002269849,mixed
"(3,8)",4,effectiveness,0.885517697444188,mixed
"(3,16)",4,effectiveness,0.7325816755437674,mixed
"(4,4)",4,effectiveness,0.973565846522489,mixed
"(4,8)",4,effectiveness,0.8865016194216743,mixed
"(5,4)",4,effectiveness,0.875902269224426,mixed
"(3,4)",0,effectiveness,,mixed
"(3,8)",0,effectiveness,,mixed
"(3,16)",0,effectiveness,,mixed
"(4,4)",0,effectiveness,,mixed
"(4,8)",0,effectiveness,,mixed
"(5,4)",0,effectiveness,,mixed
"(3,4)",1,effectiveness,,mixed
"(3,8)",1,effectiveness,,mixed
"(3,16)",1,effectiveness,,mixed
"(4,4)",1,effectiveness,,mixed
"(4,8)",1,effectiveness,,mixed
"(5,4)",1,effectiveness,,mixed
"(3,4)",2,effectiveness,,mixed
"(3,8)",2,effectiveness,,mixed
"(3,16)",2,effectiveness,,mixed
"(4,4)",2,effectiveness,,mixed
"(4,8)",2,effectiveness,,mixed
"(5,4)",2,effectiveness,,mixed
"(3,4)",3,effectiveness,,mixed
"(3,8)",3,effectiveness,,mixed
"(3,16)",3,effectiveness,,mixed
"(4,4)",3,effectiveness,,mixed
"(4,8)",3,effectiveness,,mixed
"(5,4)",3,effectiveness,,mixed
"(3,4)",4,effectiveness,,mixed
"(3,8)",4,effectiveness,,mixed
"(3,16)",4,effectiveness,,mixed
"(4,4)",4,effectiveness,,mixed
"(4,8)",4,effectiveness,,mixed
"(5,4)",4,effectiveness,,mixed
"(3,4)",0,consistency,,mixed
"(3,8)",0,consistency,,mixed
"(3,16)",0,consistency,,mixed
"(4,4)",0,consistency,,mixed
"(4,8)",0,consistency,,mixed
"(5,4)",0,consistency,,mixed
"(3,4)",1,consistency,,mixed
"(3,8)",1,consistency,,mixed
"(3,16)",1,consistency,,mixed
"(4,4)",1,consistency,,mixed
"(4,8)",1,consistency,,mixed
"(5,4)",1,consistency,,mixed
"(3,4)",2,consistency,,mixed
"(3,8)",2,consistency,,mixed
"(3,16)",2,consistency,,mixed
"(4,4)",2,consistency,,mixed
"(4,8)",2,consistency,,mixed
"(5,4)",2,consistency,,mixed
"(3,4)",3,consistency,,mixed
"(3,8)",3,consistency,,mixed
"(3,16)",3,consistency,,mixed
"(4,4)",3,consistency,,mixed
"(4,8)",3,consistency,,mixed
"(5,4)",3,consistency,,mixed
"(3,4)",4,consistency,,mixed
"(3,8)",4,consistency,,mixed
"(3,16)",4,consistency,,mixed
"(4,4)",4,consistency,,mixed
"(4,8)",4,consistency,,mixed
"(5,4)",4,consistency,,mixed
"(3,4)",0,consistency,,mixed
"(3,8)",0,consistency,,mixed
"(3,16)",0,consistency,,mixed
"(4,4)",0,consistency,,mixed
"(4,8)",0,consistency,,mixed
"(5,4)",0,consistency,,mixed
"(3,4)",1,consistency,,mixed
"(3,8)",1,consistency,,mixed
"(3,16)",1,consistency,,mixed
"(4,4)",1,consistency,,mixed
"(4,8)",1,consistency,,mixed
"(5,4)",1,consistency,,mixed
"(3,4)",2,consistency,,mixed
"(3,8)",2,consistency,,mixed
"(3,16)",2,consistency,,mixed
"(4,4)",2,consistency,,mixed
"(4,8)",2,consistency,,mixed
"(5,4)",2,consistency,,mixed
"(3,4)",3,consistency,,mixed
"(3,8)",3,consistency,,mixed
"(3,16)",3,consistency,,mixed
"(4,4)",3,consistency,,mixed
"(4,8)",3,consistency,,mixed
"(5,4)",3,consistency,,mixed
"(3,4)",4,consistency,,mixed
"(3,8)",4,consistency,,mixed
"(3,16)",4,consistency,,mixed
"(4,4)",4,consistency,,mixed
"(4,8)",4,consistency,,mixed
"(5,4)",4,consistency,,mixed
"(3,4)",0,consistency,0.8700829333501757,mixed
"(3,8)",0,consistency,0.9362174238839236,mixed
"(3,16)",0,consistency,0.8585129157392108,mixed
"(4,4)",0,consistency,0.8607046010367586,mixed
"(4,8)",0,consistency,0.8553835330265239,mixed
"(5,4)",0,consistency,0.8587896053043338,mixed
"(3,4)",1,consistency,0.8916989404493619,mixed
"(3,8)",1,consistency,0.9370872514146692,mixed
"(3,16)",1,consistency,0.8512876488146344,mixed
"(4,4)",1,consistency,0.8843383238268799,mixed
"(4,8)",1,consistency,0.881693354841248,mixed
"(5,4)",1,consistency,0.7939160687763667,mixed
"(3,4)",2,consistency,0.8765653130947217,mixed
"(3,8)",2,consistency,0.8668430654403192,mixed
"(3,16)",2,consistency,0.8563163425417663,mixed
"(4,4)",2,consistency,0.8431656883046312,mixed
"(4,8)",2,consistency,0.8324676971125112,mixed
"(5,4)",2,consistency,0.8607030132784941,mixed
"(3,4)",3,consistency,0.8590536867210588,mixed
"(3,8)",3,consistency,0.8885343289241643,mixed
"(3,16)",3,consistency,0.8759510452589442,mixed
"(4,4)",3,consistency,0.8796861768438748,mixed
"(4,8)",3,consistency,0.8603973970776699,mixed
"(5,4)",3,consistency,0.8182427570696651,mixed
"(3,4)",4,consistency,0.8893517033289755,mixed
"(3,8)",4,consistency,0.9209521218128267,mixed
"(3,16)",4,consistency,0.8461056239871421,mixed
"(4,4)",4,consistency,0.8684399959975548,mixed
"(4,8)",4,consistency,0.8661422921969851,mixed
"(5,4)",4,consistency,0.8187365801265977,mixed
"(3,4)",0,NMI,0.6408154812930248,coarse
"(3,8)",0,NMI,0.5602854613280301,coarse
"(3,16)",0,NMI,0.5507865856005285,coarse
"(4,4)",0,NMI,0.5735494145548433,coarse
"(4,8)",0,NMI,0.5619887671776184,coarse
"(5,4)",0,NMI,0.6230595368942012,coarse
"(3,4)",1,NMI,0.628707817663945,coarse
"(3,8)",1,NMI,0.5646181849143275,coarse
"(3,16)",1,NMI,0.5427847506288963,coarse
"(4,4)",1,NMI,0.5987895142159042,coarse
"(4,8)",1,NMI,0.5547017140437317,coarse
"(5,4)",1,NMI,0.6980878933592821,coarse
"(3,4)",2,NMI,0.6074196506886982,coarse
"(3,8)",2,NMI,0.5903434547165484,coarse
"(3,16)",2,NMI,0.5745956776139429,coarse
"(4,4)",2,NMI,0.606057282054454,coarse
"(4,8)",2,NMI,0.5301032268311691,coarse
"(5,4)",2,NMI,0.6490928725548543,coarse
"(3,4)",3,NMI,0.6294028499822829,coarse
"(3,8)",3,NMI,0.6012249916400568,coarse
"(3,16)",3,NMI,0.6007589402862497,coarse
"(4,4)",3,NMI,0.6297011012586382,coarse
"(4,8)",3,NMI,0.5473081514889135,coarse
"(5,4)",3,NMI,0.6420031054705947,coarse
"(3,4)",4,NMI,0.6378449370128519,coarse
"(3,8)",4,NMI,0.5775460312052549,coarse
"(3,16)",4,NMI,0.5367315444001091,coarse
"(4,4)",4,NMI,0.6164876998245987,coarse
"(4,8)",4,NMI,0.5326985255585348,coarse
"(5,4)",4,NMI,0.5944816525799885,coarse
"(3,4)",0,NMI,,coarse
"(3,8)",0,NMI,,coarse
"(3,16)",0,NMI,,coarse
"(4,4)",0,NMI,,coarse
"(4,8)",0,NMI,,coarse
"(5,4)",0,NMI,,coarse
"(3,4)",1,NMI,,coarse
"(3,8)",1,NMI,,coarse
"(3,16)",1,NMI,,coarse
"(4,4)",1,NMI,,coarse
"(4,8)",1,NMI,,coarse
"(5,4)",1,NMI,,coarse
"(3,4)",2,NMI,,coarse
"(3,8)",2,NMI,,coarse
"(3,16)",2,NMI,,coarse
"(4,4)",2,NMI,,coarse
"(4,8)",2,NMI,,coarse
"(5,4)",2,NMI,,coarse
"(3,4)",3,NMI,,coarse
"(3,8)",3,NMI,,coarse
"(3,16)",3,NMI,,coarse
"(4,4)",3,NMI,,coarse
"(4,8)",3,NMI,,coarse
"(5,4)",3,NMI,,coarse
"(3,4)",4,NMI,,coarse
"(3,8)",4,NMI,,coarse
"(3,16)",4,NMI,,coarse
"(4,4)",4,NMI,,coarse
"(4,8)",4,NMI,,coarse
"(5,4)",4,NMI,,coarse
"(3,4)",0,NMI,,coarse
"(3,8)",0,NMI,,coarse
"(3,16)",0,NMI,,coarse
"(4,4)",0,NMI,,coarse
"(4,8)",0,NMI,,coarse
"(5,4)",0,NMI,,coarse
"(3,4)",1,NMI,,coarse
"(3,8)",1,NMI,,coarse
"(3,16)",1,NMI,,coarse
"(4,4)",1,NMI,,coarse
"(4,8)",1,NMI,,coarse
"(5,4)",1,NMI,,coarse
"(3,4)",2,NMI,,coarse
"(3,8)",2,NMI,,coarse
"(3,16)",2,NMI,,coarse
"(4,4)",2,NMI,,coarse
"(4,8)",2,NMI,,coarse
"(5,4)",2,NMI,,coarse
"(3,4)",3,NMI,,coarse
"(3,8)",3,NMI,,coarse
"(3,16)",3,NMI,,coarse
"(4,4)",3,NMI,,coarse
"(4,8)",3,NMI,,coarse
"(5,4)",3,NMI,,coarse
"(3,4)",4,NMI,,coarse
"(3,8)",4,NMI,,coarse
"(3,16)",4,NMI,,coarse
"(4,4)",4,NMI,,coarse
"(4,8)",4,NMI,,coarse
"(5,4)",4,NMI,,coarse
"(3,4)",0,effectiveness,,coarse
"(3,8)",0,effectiveness,,coarse
"(3,16)",0,effectiveness,,coarse
"(4,4)",0,effectiveness,,coarse
"(4,8)",0,effectiveness,,coarse
"(5,4)",0,effectiveness,,coarse
"(3,4)",1,effectiveness,,coarse
"(3,8)",1,effectiveness,,coarse
"(3,16)",1,effectiveness,,coarse
"(4,4)",1,effectiveness,,coarse
"(4,8)",1,effectiveness,,coarse
"(5,4)",1,effectiveness,,coarse
"(3,4)",2,effectiveness,,coarse
"(3,8)",2,effectiveness,,coarse
"(3,16)",2,effectiveness,,coarse
"(4,4)",2,effectiveness,,coarse
"(4,8)",2,effectiveness,,coarse
"(5,4)",2,effectiveness,,coarse
"(3,4)",3,effectiveness,,coarse
"(3,8)",3,effectiveness,,coarse
"(3,16)",3,effectiveness,,coarse
"(4,4)",3,effectiveness,,coarse
"(4,8)",3,effectiveness,,coarse
"(5,4)",3,effectiveness,,coarse
"(3,4)",4,effectiveness,,coarse
"(3,8)",4,effectiveness,,coarse
"(3,16)",4,effectiveness,,coarse
"(4,4)",4,effectiveness,,coarse
"(4,8)",4,effectiveness,,coarse
"(5,4)",4,effectiveness,,coarse
"(3,4)",0,effectiveness,0.4848037070456269,coarse
"(3,8)",0,effectiveness,0.3909400665253975,coarse
"(3,16)",0,effectiveness,0.3831691082482619,coarse
"(4,4)",0,effectiveness,0.42616806156810594,coarse
"(4,8)",0,effectiveness,0.40462489688348824,coarse
"(5,4)",0,effectiveness,0.501993063462356,coarse
"(3,4)",1,effectiveness,0.4711959997965206,coarse
"(3,8)",1,effectiveness,0.39537074957585305,coarse
"(3,16)",1,effectiveness,0.3731202287949683,coarse
"(4,4)",1,effectiveness,0.45562580424228816,coarse
"(4,8)",1,effectiveness,0.40070672075855984,coarse
"(5,4)",1,effectiveness,0.6056509900045053,coarse
"(3,4)",2,effectiveness,0.44410854169474623,coarse
"(3,8)",2,effectiveness,0.42189309731588376,coarse
"(3,16)",2,effectiveness,0.4055252743927614,coarse
"(4,4)",2,effectiveness,0.46286078982113343,coarse
"(4,8)",2,effectiveness,0.37344735238594173,coarse
"(5,4)",2,effectiveness,0.5303439238667133,coarse
"(3,4)",3,effectiveness,0.469990015864873,coarse
"(3,8)",3,effectiveness,0.43687550815614307,coarse
"(3,16)",3,effectiveness,0.4380975315337765,coarse
"(4,4)",3,effectiveness,0.493237579614648,coarse
"(4,8)",3,effectiveness,0.39350877120564276,coarse
"(5,4)",3,effectiveness,0.5352238668844925,coarse
"(3,4)",4,effectiveness,0.48789992099760415,coarse
"(3,8)",4,effectiveness,0.4101547708081329,coarse
"(3,16)",4,effectiveness,0.36740926931617546,coarse
"(4,4)",4,effectiveness,0.47940947896089936,coarse
"(4,8)",4,effectiveness,0.3768903012231942,coarse
"(5,4)",4,effectiveness,0.46867753785311517,coarse
"(3,4)",0,effectiveness,,coarse
"(3,8)",0,effectiveness,,coarse
"(3,16)",0,effectiveness,,coarse
"(4,4)",0,effectiveness,,coarse
"(4,8)",0,effectiveness,,coarse
"(5,4)",0,effectiveness,,coarse
"(3,4)",1,effectiveness,,coarse
"(3,8)",1,effectiveness,,coarse
"(3,16)",1,effectiveness,,coarse
"(4,4)",1,effectiveness,,coarse
"(4,8)",1,effectiveness,,coarse
"(5,4)",1,effectiveness,,coarse
"(3,4)",2,effectiveness,,coarse
"(3,8)",2,effectiveness,,coarse
"(3,16)",2,effectiveness,,coarse
"(4,4)",2,effectiveness,,coarse
"(4,8)",2,effectiveness,,coarse
"(5,4)",2,effectiveness,,coarse
"(3,4)",3,effectiveness,,coarse
"(3,8)",3,effectiveness,,coarse
"(3,16)",3,effectiveness,,coarse
"(4,4)",3,effectiveness,,coarse
"(4,8)",3,effectiveness,,coarse
"(5,4)",3,effectiveness,,coarse
"(3,4)",4,effectiveness,,coarse
"(3,8)",4,effectiveness,,coarse
"(3,16)",4,effectiveness,,coarse
"(4,4)",4,effectiveness,,coarse
"(4,8)",4,effectiveness,,coarse
"(5,4)",4,effectiveness,,coarse
"(3,4)",0,consistency,,coarse
"(3,8)",0,consistency,,coarse
"(3,16)",0,consistency,,coarse
"(4,4)",0,consistency,,coarse
"(4,8)",0,consistency,,coarse
"(5,4)",0,consistency,,coarse
"(3,4)",1,consistency,,coarse
"(3,8)",1,consistency,,coarse
"(3,16)",1,consistency,,coarse
"(4,4)",1,consistency,,coarse
"(4,8)",1,consistency,,coarse
"(5,4)",1,consistency,,coarse
"(3,4)",2,consistency,,coarse
"(3,8)",2,consistency,,coarse
"(3,16)",2,consistency,,coarse
"(4,4)",2,consistency,,coarse
"(4,8)",2,consistency,,coarse
"(5,4)",2,consistency,,coarse
"(3,4)",3,consistency,,coarse
"(3,8)",3,consistency,,coarse
"(3,16)",3,consistency,,coarse
"(4,4)",3,consistency,,coarse
"(4,8)",3,consistency,,coarse
"(5,4)",3,consistency,,coarse
"(3,4)",4,consistency,,coarse
"(3,8)",4,consistency,,coarse
"(3,16)",4,consistency,,coarse
"(4,4)",4,consistency,,coarse
"(4,8)",4,consistency,,coarse
"(5,4)",4,consistency,,coarse
"(3,4)",0,consistency,,coarse
"(3,8)",0,consistency,,coarse
"(3,16)",0,consistency,,coarse
"(4,4)",0,consistency,,coarse
"(4,8)",0,consistency,,coarse
"(5,4)",0,consistency,,coarse
"(3,4)",1,consistency,,coarse
"(3,8)",1,consistency,,coarse
"(3,16)",1,consistency,,coarse
"(4,4)",1,consistency,,coarse
"(4,8)",1,consistency,,coarse
"(5,4)",1,consistency,,coarse
"(3,4)",2,consistency,,coarse
"(3,8)",2,consistency,,coarse
"(3,16)",2,consistency,,coarse
"(4,4)",2,consistency,,coarse
"(4,8)",2,consistency,,coarse
"(5,4)",2,consistency,,coarse
"(3,4)",3,consistency,,coarse
"(3,8)",3,consistency,,coarse
"(3,16)",3,consistency,,coarse
"(4,4)",3,consistency,,coarse
"(4,8)",3,consistency,,coarse
"(5,4)",3,consistency,,coarse
"(3,4)",4,consistency,,coarse
"(3,8)",4,consistency,,coarse
"(3,16)",4,consistency,,coarse
"(4,4)",4,consistency,,coarse
"(4,8)",4,consistency,,coarse
"(5,4)",4,consistency,,coarse
"(3,4)",0,consistency,0.9448824313269751,coarse
"(3,8)",0,consistency,0.9884625556287276,coarse
"(3,16)",0,consistency,0.9790898076827328,coarse
"(4,4)",0,consistency,0.8767578750728675,coarse
"(4,8)",0,consistency,0.9196542217167578,coarse
"(5,4)",0,consistency,0.8210809479587793,coarse
"(3,4)",1,consistency,0.9444040400832617,coarse
"(3,8)",1,consistency,0.987220250802578,coarse
"(3,16)",1,consistency,0.9954204449023144,coarse
"(4,4)",1,consistency,0.8731425635004586,coarse
"(4,8)",1,consistency,0.90094097718801,coarse
"(5,4)",1,consistency,0.8238231075909083,coarse
"(3,4)",2,consistency,0.9606934531753175,coarse
"(3,8)",2,consistency,0.9827143940830151,coarse
"(3,16)",2,consistency,0.9854441512444316,coarse
"(4,4)",2,consistency,0.8775460830795915,coarse
"(4,8)",2,consistency,0.9131615708874028,coarse
"(5,4)",2,consistency,0.8363621563536022,coarse
"(3,4)",3,consistency,0.9524622954725026,coarse
"(3,8)",3,consistency,0.963799600624667,coarse
"(3,16)",3,consistency,0.9555428174365767,coarse
"(4,4)",3,consistency,0.8705572620166042,coarse
"(4,8)",3,consistency,0.8984652513383607,coarse
"(5,4)",3,consistency,0.8020065183837792,coarse
"(3,4)",4,consistency,0.9208462128802052,coarse
"(3,8)",4,consistency,0.9757778657059406,coarse
"(3,16)",4,consistency,0.9955229282533531,coarse
"(4,4)",4,consistency,0.8633451955322095,coarse
"(4,8)",4,consistency,0.9081193309973735,coarse
"(5,4)",4,consistency,0.8126036561528872,coarse
